name,iata,municipality,country
Goma International Airport,GOM,Goma,Democratic Republic of the Congo
N'djili Airport,FIH,Kinshasa,Democratic Republic of the Congo
Bangoka International Airport,FKI,Kisangani,Democratic Republic of the Congo
Lubumbashi International Airport,FBM,Lubumbashi,Democratic Republic of the Congo
Maya-Maya Airport,BZV,Brazzaville,Congo
Pointe Noire Airport,PNR,Pointe-Noire,Congo
Malabo International Airport,SSG,Malabo,Equatorial Guinea
M'Vengue El Hadj Omar Bongo Ondimba International Airport,MVB,Franceville,Gabon
Leon M'ba International Airport,LBV,Libreville,Gabon
Port-Gentil International Airport,POG,Port-Gentil,Gabon
Sao Tome International Airport,TMS,Sao Tome,Sao Tome and Principe
Bujumbura International Airport,BJM,Bujumbura,Burundi
Prince Said Ibrahim International Airport,HAH,"Moroni, Comoros",Comoros
Eldoret International Airport,EDL,Eldoret,Kenya
Moi International Airport,MBA,Mombasa,Kenya
Kisumu International Airport,KIS,Kisumu,Kenya
Jomo Kenyatta International Airport,NBO,Nairobi,Kenya
Sir Seewoosagur Ramgoolam International Airport,MRU,Plaine Magnien,Mauritius
Roland Garros Airport,RUN,Saint-Denis,Reunion
Kigali International Airport,KGL,Kigali,Rwanda
Seychelles International Airport,SEZ,Victoria,Seychelles
Juba International Airport,JUB,Juba,South Sudan
Julius Nyerere International Airport,DAR,Dar es Salaam,Tanzania
Kilimanjaro International Airport,JRO,Hai District,Tanzania
Abeid Amani Karume International Airport,ZNZ,"Unguja, Zanzibar",Tanzania
Entebbe International Airport,EBB,Entebbe,Uganda
Djibouti-Ambouli International Airport,JIB,Djibouti City,Djibouti
Asmara International Airport,ASM,Asmara,Eritrea
Addis Ababa Bole International Airport,ADD,Addis Ababa,Ethiopia
Aba Tenna Dejazmach Yilma International Airport,DIR,Dire Dawa,Ethiopia
Bender Qassim International Airport,BSA,Bosaso,Somalia
Abdullahi Yusuf International Airport,GBY,Galkayo,Somalia
Garowe International Airport,GGR,Garowe,Somalia
Hargeisa International Airport,HGA,Hargeisa,Somalia
Kismayo Airport,KMU,Kismayo,Somalia
Aden Adde International Airport,MGQ,Mogadishu,Somalia
Touat-Cheikh Sidi Mohamed Belkebir Airport,AZR,Adrar,Algeria
Houari Boumedienne Airport,ALG,Algiers,Algeria
Rabah Bitat Airport,AAE,Annaba,Algeria
Batna Airport,BLJ,Batna,Algeria
Soummam Airport,BJA,Bejaia,Algeria
Biskra Airport,BSK,Oumache,Algeria
Chlef International Airport,CFK,Chlef,Algeria
Mohamed Boudiaf Airport,CZL,Constantine,Algeria
Oued Irara Airport,HME,Hassi Messaoud,Algeria
Jijel Ferhat Abbas Airport,GJL,Jijel,Algeria
Oran Es Senia Airport,ORN,Oran,Algeria
Ain Arnat Airport,QSF,Setif,Algeria
Tamanrasset Airport,TMR,Tamanrasset,Algeria
Zenata Airport,TLM,Tlemcen,Algeria
N'Djamena International Airport,NDJ,N'Djamena,Chad
Borg El Arab Airport,HBE,Alexandria,Egypt
Alexandria International Airport,ALY,Alexandria,Egypt
Assiut Airport,ATZ,Asyut,Egypt
Aswan International Airport,ASW,Aswan,Egypt
Cairo International Airport,CAI,Cairo,Egypt
El Arish International Airport,AAC,El Arish,Egypt
Al Alamain International Airport,DBB,El Dabaa,Egypt
Hurghada International Airport,HRG,Hurghada,Egypt
Luxor International Airport,LXR,Luxor,Egypt
Marsa Alam International Airport,RMF,Marsa Alam,Egypt
Mersa Matruh Airport,MUH,Mersa Matruh,Egypt
St. Catherine International Airport,SKV,Saint Catherine,Egypt
Sharm el-Sheikh International Airport,SSH,Sharm el-Sheikh,Egypt
Sohag International Airport,HMB,Sohag,Egypt
Taba International Airport,TCP,Taba,Egypt
Benina International Airport,BEN,Benghazi,Libya
Sebha Airport,SEB,Sabha,Libya
Tripoli International Airport,TIP,Tripoli,Libya
Mitiga International Airport,MJI,Tajoura,Libya
Al Massira Airport,AGA,Agadir,Morocco
Mohammed V International Airport,CMN,Casablanca,Morocco
Fes-Saiss Airport,FEZ,Fes,Morocco
Marrakech-Menara Airport,RAK,Marrakech,Morocco
Nador International Airport,NDR,Nador,Morocco
Angads Airport,OUD,Oujda,Morocco
Rabat-Sale Airport,RBA,Rabat,Morocco
Tangier-Boukhalef Airport,TNG,Tangier,Morocco
Sania Ramel Airport,TTU,Tetouan,Morocco
Dakhla Airport,VIL,Dakhla,Morocco
Hassan I Airport,EUN,Laayoune,Morocco
Khartoum International Airport,KRT,Khartoum,Sudan
Port Sudan New International Airport,PZU,Port Sudan,Sudan
Zarzis Airport,DJE,Djerba,Tunisia
Enfidha-Hammamet International Airport,NBE,Enfidha,Tunisia
Habib Bourguiba International Airport,MIR,Monastir,Tunisia
Thyna International Airport,SFA,Sfax,Tunisia
7 Novembre International Airport,TBJ,Tabarka,Tunisia
Nefta International Airport,TOE,Tozeur,Tunisia
Carthage International Airport,TUN,Tunis,Tunisia
Quatro de Fevereiro Airport,LAD,Luanda,Angola
Lubango Airport,SSD,Lubango,Angola
Sir Seretse Khama International Airport,GBE,Gaborone,Botswana
Maun Airport,MUB,Maun,Botswana
Francistown Airport,FRW,Francistown,Botswana
Kasane Airport,BBK,Kasane,Botswana
Moshoeshoe I International Airport,MSU,Maseru,Lesotho
Ivato International Airport,TNR,Antananarivo,Madagascar
Arrachart Airport,DIE,Antsiranana,Madagascar
Amborovy Airport,MJN,Mahajanga,Madagascar
Fascene Airport,NOS,Nosy Be,Madagascar
Toamasina Airport,TMM,Toamasina,Madagascar
Tolanaro Airport,FTU,Tolanaro,Madagascar
Toliara Airport,TLE,Toliara,Madagascar
Chileka International Airport,BLZ,Blantyre,Malawi
Lilongwe International Airport,LLW,Lilongwe,Malawi
Dzaoudzi Pamandzi International Airport,DZA,Dzaoudzi,Mayotte
Maputo International Airport,MPM,Maputo,Mozambique
Beira Airport,BEW,Beira,Mozambique
Inhambane Airport,INH,Inhambane,Mozambique
Nampula Airport,APL,Nampula,Mozambique
Pemba Airport,POL,Pemba,Mozambique
Chingozi Airport,TET,Tete,Mozambique
Vilankulo Airport,VNX,Vilankulo,Mozambique
Windhoek Hosea Kutako International Airport,WDH,Windhoek,Namibia
Walvis Bay Airport,WVB,Walvis Bay,Namibia
Cape Town International Airport,CPT,Cape Town,South Africa
King Shaka International Airport,DUR,Durban,South Africa
OR Tambo International Airport,KMP,Kempton Park,South Africa
Kruger Mpumalanga International Airport,MQP,Nelspruit,South Africa
O.R.Tambo International Airport,JNB,Johannesburg,South Africa
Lanseria International Airport,HLA,Johannesburg,South Africa
King Mswati III International Airport,SHO,Manzini,Swaziland
Harry Mwanga Nkumbula International Airport,LVI,Livingstone,Zambia
Kenneth Kaunda International Airport,LUN,Lusaka,Zambia
Simon Mwansa Kapwepwe Airport,NLA,Ndola,Zambia
Harare International Airport,HRE,Harare,Zimbabwe
Victoria Falls Airport,VFA,Victoria Falls,Zimbabwe
Joshua Mqabuko Nkomo International Airport,BUQ,Bulawayo,Zimbabwe
Cadjehoun Airport,COO,Cotonou,Benin
Bobo Dioulasso Airport,BOY,Bobo-Dioulasso,Burkina Faso
Ouagadougou Airport,OUA,Ouagadougou,Burkina Faso
Douala Airport,DLA,Douala,Cameroon
Nsimalen Airport,NSI,Yaounde,Cameroon
Aristides Pereira International Airport,BVC,Boa Vista Island,Cape Verde
Amilcar Cabral International Airport,SID,Sal Island,Cape Verde
Nelson Mandela International Airport,RAI,"Praia, Santiago Island",Cape Verde
Cesaria Evora Airport,VXE,Sao Vicente Island,Cape Verde
M'Poko International Airport,BGF,Bangui,Central African Republic
Port Bouet Airport,ABJ,Abidjan,Cote d'Ivoire
Banjul International Airport,BJL,Banjul,Gambia
Kotoka International Airport,ACC,Accra,Ghana
Tamale Airport,TML,Tamale,Ghana
Conakry International Airport,CKY,Conakry,Guinea
Osvaldo Vieira International Airport,OXB,Bissau,Guinea-Bissau
Bubaque Airport,BQE,Bubaque,Guinea-Bissau
Roberts International Airport,ROB,Monrovia,Liberia
Senou International Airport,BKO,Bamako,Mali
Nouakchott-Oumtounsynnn International Airport,NKC,Nouakchott,Mauritania
Nouadhibou International Airport,NDB,Nouadhibou,Mauritania
Diori Hamani International Airport,NIM,Niamey,Niger
Nnamdi Azikiwe International Airport,ABV,Abuja,Nigeria
Margaret Ekpo International Airport,CBQ,Calabar,Nigeria
Asaba International Airport,ABB,"Asaba, Delta",Nigeria
Mallam Aminu Kano International Airport,KAN,Kano,Nigeria
Murtala Mohammed International Airport,LOS,Lagos,Nigeria
Port Harcourt International Airport,PHC,Port Harcourt,Nigeria
Akanu Ibiam International Airport,ENU,Enugu,Nigeria
Sadiq Abubakar III International Airport,SKO,Sokoto,Nigeria
Leopold Sedar Senghor International Airport,DKR,Dakar,Senegal
Lungi International Airport,FNA,Freetown,Sierra Leone
Tokoin Airport,LFW,Lome,Togo
Clayton J. Lloyd International Airport,AXA,The Valley,Anguilla
VC Bird International Airport,ANU,Antigua,Antigua and Barbuda
Lynden Pindling International Airport,NAS,Nassau,Bahamas
Chub Cay International Airport,CCZ,Chub Cay,Bahamas
Exuma International Airport,GGT,Exuma,Bahamas
Grand Bahama International Airport,FPO,Freeport,Bahamas
Rock Sound International Airport,RSD,South Eleuthera,Bahamas
Marsh Harbor International Airport,MHH,Marsh Harbour,Bahamas
Grantley Adams International Airport,BGI,"Christ Church, Barbados",Barbados
Terrance B. Lettsome International Airport,EIS,Road Town,British Virgin Islands
Charles Kirkconnell International Airport,CYB,Cayman Brac,Cayman Islands
Owen Roberts International Airport,GCM,Georgetown,Cayman Islands
Ignacio Agramonte International Airport,CMW,Camaguey,Cuba
Jardines del Rey Airport,CCC,Cayo Coco,Cuba
Vilo Acuna Airport,CYO,Cayo Largo del Sur,Cuba
Jaime Gonzalez Airport,CFG,Cienfuegos,Cuba
Jose Marti International Airport,HAV,Havana,Cuba
Frank Pais Airport,HOG,Holguin,Cuba
Abel Santa Maria Airport,SNU,Santa Clara,Cuba
Antonio Maceo Airport,SCU,Santiago de Cuba,Cuba
Juan Gualberto Gomez Airport,VRA,Varadero,Cuba
Melville Hall Airport,DOM,Roseau,Dominica
Maria Montez International Airport,BRX,Barahona,Dominican Republic
La Romana International Airport,LRM,La Romana,Dominican Republic
Punta Cana International Airport,PUJ,Punta Cana,Dominican Republic
Samana El Catey International Airport,AZS,Samana,Dominican Republic
Gregorio Luperon International Airport,POP,San Felipe de Puerto Plata,Dominican Republic
Cibao International Airport,STI,Santiago de los Caballeros,Dominican Republic
Las Americas International Airport,SDQ,Santo Domingo,Dominican Republic
Maurice Bishop International Airport,GND,Grenada,Grenada
Pole Caraibes International Airport,PTP,Pointe-a-Pitre,Guadeloupe
Hugo Chavez International Airport,CAP,Cap-Haitien,Haiti
Toussaint Louverture International Airport,PAP,Port-au-Prince,Haiti
Norman Manley International Airport,KIN,Kingston,Jamaica
Sangster International Airport,MBJ,Montego Bay,Jamaica
Martinique Aime Cesaire International Airport,FDF,Fort-de-France,Martinique
John A. Osborne Airport,MNI,Brades,Montserrat
Rafael Hernandez Airport,BQN,Aguadilla,Puerto Rico
Luis Munoz Marin International Airport,SJU,San Juan,Puerto Rico
Gustaf III Airport,SBH,St. Jean,Saint Barthelemy
Robert L. Bradshaw International Airport,SKB,Saint Kitts,Saint Kitts and Nevis
Hewanorra International Airport,UVF,Vieux Fort Quarter,Saint Lucia
Argyle International Airport,SVD,Kingstown,Saint Vincent and the Grenadines
Canouan Airport,CIW,Canouan,Saint Vincent and the Grenadines
Piarco International Airport,POS,Port of Spain,Trinidad and Tobago
Arthur Napoleon Raymond Robinson International Airport,TAB,Tobago,Trinidad and Tobago
Providenciales Airport,PLS,Providenciales,Turks and Caicos Islands
Cyril E. King Airport,STT,Saint Thomas,US Virgin Islands
Henry E. Rohlsen Airport,STX,Saint Croix,US Virgin Islands
Philip S. W. Goldson International Airport,BZE,Belize City,Belize
Daniel Oduber Quiros International Airport,LIR,Liberia,Costa Rica
Juan Santamaria International Airport,SJO,San Jose de Costa Rica,Costa Rica
Monsenor Oscar Arnulfo Romero International Airport,SAL,San Salvador,El Salvador
Mundo Maya International Airport,FRS,Flores,Guatemala
La Aurora International Airport,GUA,Guatemala City,Guatemala
Goloson International Airport,LCE,La Ceiba,Honduras
Juan Manuel Galvez International Airport,RTB,Roatan,Honduras
Ramon Villeda Morales International Airport,SAP,San Pedro Sula,Honduras
Toncontin International Airport,TGU,Tegucigalpa,Honduras
Augusto C. Sandino International Airport,MGA,Managua,Nicaragua
Bluefields Airport,BEF,Bluefields,Nicaragua
Corn Island Airport,RNI,Corn Island,Nicaragua
Puerto Cabezas Airport,PUZ,Puerto Cabezas,Nicaragua
"Bocas del Toro ""Isla Colon"" International Airport",BOC,Bocas del Toro,Panama
Enrique Malek International Airport,DAV,"David, Chiriqui",Panama
Tocumen International Airport,PTY,Panama City,Panama
L.F. Wade International Airport,BDA,"St. George's, Bermuda",Bermuda
Calgary International Airport,YYC,Calgary,Canada
Edmonton International Airport,YEG,Edmonton,Canada
Gander International Airport,YQX,Gander,Canada
Halifax Stanfield International Airport,YHZ,Halifax,Canada
John C. Munro Hamilton International Airport,YHM,Hamilton,Canada
Iqaluit Airport,YFB,Iqaluit,Canada
Kelowna International Airport,YLW,Kelowna,Canada
Greater Moncton International Airport,YQM,Moncton,Canada
Montreal-Mirabel International Airport,YMX,Montreal,Canada
Montreal-Pierre Elliott Trudeau International Airport,YUL,Montreal,Canada
Ottawa Macdonald-Cartier International Airport,YOW,Ottawa,Canada
Quebec/Jean Lesage International Airport,YQB,Quebec City,Canada
Regina International Airport,YQR,Regina,Canada
Saskatoon John G. Diefenbaker International Airport,YXE,Saskatoon,Canada
St. John's International Airport,YYT,St. John's,Canada
Thunder Bay International Airport,YQT,Thunder Bay,Canada
Billy Bishop Toronto City Airport,YTZ,Toronto (Toronto island),Canada
Toronto Pearson International Airport,YYZ,Toronto (Mississauga),Canada
Vancouver International Airport,YVR,Vancouver,Canada
Victoria International Airport,YYJ,Victoria,Canada
Erik Nielsen Whitehorse International Airport,YXY,Whitehorse,Canada
Winnipeg James Armstrong Richardson International Airport,YWG,Winnipeg,Canada
Kangerlussuaq Airport,SFJ,Kangerlussuaq,Greenland
Nuuk Airport,GOH,Nuuk,Greenland
Ilulissat Airport,JAV,Ilulissat,Greenland
Narsarsuaq Airport,UAK,Narsarsuaq,Greenland
General Juan N. Alvarez International Airport,ACA,Acapulco,Mexico
Lic. Jesus Teran Peredo International Airport,AGU,Aguascalientes,Mexico
Cancun International Airport,CUN,Cancun,Mexico
Roberto Fierro Villalobos International Airport,CUU,Chihuahua,Mexico
Ciudad del Carmen International Airport,CME,Ciudad del Carmen,Mexico
Cozumel International Airport,CZM,Cozumel,Mexico
Federal de Bachigualato International Airport,CUL,Culiacan,Mexico
General Guadalupe Victoria International Airport,DGO,Durango,Mexico
Don Miguel Hidalgo y Costilla International Airport,GDL,Guadalajara,Mexico
Hermosillo International Airport,HMO,Hermosillo,Mexico
Bahias de Huatulco International Airport,HUX,Huatulco,Mexico
Ixtapa-Zihuatanejo International Airport,ZIH,Ixtapa,Mexico
Del Bajio International Airport,BJX,Leon,Mexico
Loreto International Airport,LTO,Loreto,Mexico
Los Cabos International Airport,SJD,Los Cabos,Mexico
Playa de Oro International Airport,ZLO,Manzanillo,Mexico
General Rafael Buelna International Airport,MZT,Mazatlan,Mexico
Manuel Crescencio Rejon International Airport,MID,Merida,Mexico
Mexico City International Airport,MEX,Mexico City,Mexico
General Mariano Escobedo International Airport,MTY,Monterrey,Mexico
General Francisco J. Mujica International Airport,MLM,Morelia,Mexico
Xoxocotlan International Airport,OAX,Oaxaca,Mexico
Hermanos Serdan International Airport,PBC,Puebla,Mexico
Lic. Gustavo Diaz Ordaz International Airport,PVR,Puerto Vallarta,Mexico
Queretaro Intercontinental Airport,QRO,Queretaro,Mexico
Plan de Guadalupe International Airport,SLW,Saltillo,Mexico
Ponciano Arriaga International Airport,SLP,San Luis Potosi,Mexico
General Francisco Javier Mina International Airport,TAM,Tampico,Mexico
Gral. Abelardo L. Rodriguez International Airport,TIJ,Tijuana,Mexico
Lic. Adolfo Lopez Mateos International Airport,TLC,Toluca,Mexico
Francisco Sarabia International Airport,TRC,Torreon,Mexico
Angel Albino Corzo International Airport,TGZ,Tuxtla Gutierrez,Mexico
Uruapan International Airport,UPN,Uruapan,Mexico
General Heriberto Jara International Airport,VER,Veracruz,Mexico
Carlos Rovirosa Perez International Airport,VSA,Villahermosa,Mexico
General Leobardo C. Ruiz International Airport,ZCL,Zacatecas,Mexico
Akron-Canton Airport,CAK,Akron,United States
Akron Fulton International Airport,AKC,Akron,United States
Albany International Airport,ALB,Albany,United States
Albuquerque International Sunport,ABQ,Albuquerque,United States
Ted Stevens Anchorage International Airport,ANC,Anchorage,United States
Appleton International Airport,ATW,Appleton,United States
Hartsfield-Jackson Atlanta International Airport,ATL,Atlanta,United States
Atlantic City International Airport,ACY,Atlantic City,United States
Austin-Bergstrom International Airport,AUS,Austin,United States
Baltimore-Washington International Thurgood Marshall Airport,BWI,Baltimore,United States
Bangor International Airport,BGR,Bangor,United States
Birmingham-Shuttlesworth International Airport,BHM,Birmingham,United States
Logan International Airport,BOS,Boston,United States
Buffalo Niagara International Airport,BUF,Buffalo,United States
Charlotte/Douglas International Airport,CLT,Charlotte,United States
Charleston International Airport,CHS,Charleston (SC),United States
Chicago Midway International Airport,MDW,Chicago,United States
Chicago Rockford International Airport,RFD,Chicago,United States
O'Hare International Airport,ORD,Chicago,United States
Cincinnati/Northern Kentucky International Airport,CVG,Cincinnati,United States
Cleveland Hopkins International Airport,CLE,Cleveland,United States
Port Columbus International Airport,CMH,Columbus (OH),United States
Rickenbacker International Airport,LCK,Columbus (OH),United States
Dallas/Fort Worth International Airport,DFW,Dallas,United States
Dayton International Airport,DAY,Dayton (OH),United States
Denver International Airport,DEN,Denver,United States
Des Moines International Airport,DSM,Des Moines (IA),United States
Detroit Metropolitan Wayne County Airport,DTW,Detroit,United States
Fairbanks International Airport,FAI,Fairbanks,United States
Fort Lauderdale-Hollywood International Airport,FLL,Fort Lauderdale,United States
Southwest Florida International Airport,RSW,Fort Myers,United States
Fresno Yosemite International Airport,FAT,Fresno,United States
Bradley International Airport,BDL,Hartford,United States
Hilo International Airport,ITO,Hilo,United States
Honolulu International Airport,HNL,Honolulu,United States
George Bush Intercontinental Airport,IAH,Houston,United States
William P. Hobby Airport,HOU,Houston,United States
Huntsville International Airport,HSV,Huntsville (AL),United States
Indianapolis International Airport,IND,Indianapolis,United States
Jacksonville International Airport,JAX,Jacksonville,United States
Juneau International Airport,JNU,Juneau,United States
Kansas City International Airport,MCI,Kansas City,United States
Ketchikan International Airport,KTN,Ketchikan,United States
Key West International Airport,EYW,Key West,United States
Kona International Airport,KOA,Kona,United States
Capital Region International Airport,LAN,Lansing,United States
McCarran International Airport,LAS,Las Vegas,United States
Los Angeles International Airport,LAX,Los Angeles,United States
Louisville International Airport,SDF,Louisville,United States
Melbourne International Airport,MLB,Melbourne (FL),United States
Memphis International Airport,MEM,Memphis,United States
Miami International Airport,MIA,Miami,United States
General Mitchell International Airport,MKE,Milwaukee,United States
Minneapolis-Saint Paul International Airport,MSP,Minneapolis/St. Paul,United States
Myrtle Beach International Airport,MYR,Myrtle Beach,United States
Nashville International Airport,BNA,Nashville,United States
Louis Armstrong New Orleans International Airport,MSY,New Orleans,United States
John F. Kennedy International Airport,JFK,New York City,United States
LaGuardia Airport,LGA,New York City,United States
Newark Liberty International Airport,EWR,Newark,United States
Stewart International Airport,SWF,Newburgh,United States
Metropolitan Oakland International Airport,OAK,Oakland,United States
Eppley Airfield,OMA,Omaha,United States
Ontario International Airport,ONT,Ontario,United States
John Wayne Airport,SNA,Orange County,United States
Orlando International Airport,MCO,Orlando,United States
Orlando Sanford International Airport,SFB,Orlando/Sanford,United States
Palm Springs International Airport,PSP,Palm Springs,United States
Northwest Florida Beaches International Airport,ECP,Panama City Beach,United States
Philadelphia International Airport,PHL,Philadelphia,United States
Phoenix Sky Harbor International Airport,PHX,Phoenix,United States
Pittsburgh International Airport,PIT,Pittsburgh,United States
Portland International Jetport,PWM,Portland (ME),United States
Portland International Airport,PDX,Portland (OR),United States
T.F. Green Airport,PVD,Providence,United States
Raleigh-Durham International Airport,RDU,Raleigh/Durham,United States
Reno-Tahoe International Airport,RNO,Reno,United States
Greater Rochester International Airport,ROC,Rochester (NY),United States
Sacramento International Airport,SMF,Sacramento,United States
Salt Lake City International Airport,SLC,Salt Lake City,United States
San Antonio International Airport,SAT,San Antonio,United States
San Bernardino International Airport,SBD,San Bernardino,United States
San Diego International Airport,SAN,San Diego,United States
San Francisco International Airport,SFO,San Francisco,United States
San Jose International Airport,SJC,San Jose (CA),United States
Sarasota-Bradenton International Airport,SRQ,Sarasota/Bradenton,United States
Kenmore Air Harbor Seaplane Base,LKE,Seattle,United States
King County International Airport,BFI,Seattle,United States
Seattle-Tacoma International Airport,SEA,Seattle,United States
Paine Field,PAE,Snohomish County (WA),United States
Spokane International Airport,GEG,Spokane,United States
Lambert-Saint Louis International Airport,STL,St. Louis,United States
St. Petersburg-Clearwater International Airport,PIE,St. Petersburg (FL),United States
Syracuse Hancock International Airport,SYR,Syracuse,United States
Tallahassee International Airport,TLH,Tallahassee,United States
Tampa International Airport,TPA,Tampa,United States
Ronald Reagan Washington National Airport,DCA,"Washington, D.C.",United States
Washington Dulles International Airport,IAD,Washington D.C.,United States
Palm Beach International Airport,PBI,West Palm Beach,United States
Ministro Pistarini International Airport,EZE,Buenos Aires,Argentina
Aeroparque Jorge Newbery,AEP,Buenos Aires,Argentina
Ingeniero Ambrosio L.V. Taravella International Airport,COR,Cordoba,Argentina
Governor Francisco Gabrielli International Airport,MDZ,Mendoza,Argentina
Cataratas del Iguazu International Airport,IGR,Puerto Iguazu,Argentina
Resistencia International Airport,RES,Resistencia,Argentina
Piloto Civil N. Fernandez International Airport,RGL,Rio Gallegos,Argentina
Teniente Luis Candelaria International Airport,BRC,San Carlos de Bariloche,Argentina
Ushuaia International Airport,USH,Ushuaia,Argentina
El Alto International Airport,LPB,La Paz,Bolivia
Viru Viru International Airport,VVI,Santa Cruz de la Sierra,Bolivia
Santa Maria Airport,AJU,Aracaju,Brazil
Val de Caes International Airport,BEL,Belem,Brazil
Tancredo Neves International Airport,CNF,Belo Horizonte,Brazil
Viracopos International Airport,VCP,Campinas,Brazil
Campo Grande International Airport,CGR,Campo Grande,Brazil
Marechal Rondon International Airport,CGB,Cuiaba,Brazil
Afonso Pena International Airport,CWB,Curitiba,Brazil
Hercilio Luz International Airport,FLN,Florianopolis,Brazil
Pinto Martins International Airport,FOR,Fortaleza,Brazil
Santa Genoveva Airport,GYN,Goiania,Brazil
Presidente Castro Pinto International Airport,JPA,Joao Pessoa,Brazil
Zumbi dos Palmares International Airport,MCZ,Maceio,Brazil
Eduardo Gomes International Airport,MAO,Manaus,Brazil
Senador Nilo Coelho Airport,PNZ,Petrolina,Brazil
Salgado Filho International Airport,POA,Porto Alegre,Brazil
Governador Jorge Teixeira de Oliveira International Airport,PVH,Porto Velho,Brazil
Guararapes International Airport,REC,Recife,Brazil
Rio de Janeiro-Galeao International Airport,GIG,Rio de Janeiro,Brazil
Deputado Luis Eduardo Magalhaes International Airport,SSA,Salvador,Brazil
Marechal Cunha Machado International Airport,SLZ,Sao Luis,Brazil
Sao Paulo-Guarulhos International Airport,GRU,Sao Paulo,Brazil
Congonhas Airport,CGH,Sao Paulo,Brazil
Eurico de Aguiar Salles Airport,VIX,Vitoria,Brazil
Cerro Moreno International Airport,ANF,Antofagasta,Chile
Mataveri International Airport,IPC,Easter Island,Chile
Carriel Sur International Airport,CCP,Concepcion,Chile
El Tepual International Airport,PMC,Puerto Montt,Chile
Presidente Carlos Ibanez del Campo International Airport,PUQ,Punta Arenas,Chile
Comodoro Arturo Merino Benitez International Airport,SCL,Santiago de Chile,Chile
El Eden International Airport,AXM,Armenia,Colombia
Ernesto Cortissoz International Airport,BAQ,Barranquilla,Colombia
El Dorado International Airport,BOG,Bogota,Colombia
Palonegro International Airport,BGA,Bucaramanga,Colombia
Alfonso Bonilla Aragon International Airport,CLO,Cali,Colombia
Rafael Nunez International Airport,CTG,Cartagena de Indias,Colombia
Camilo Daza International Airport,CUC,Cucuta,Colombia
Alfredo Vasquez Cobo International Airport,LET,Leticia,Colombia
Jose Maria Cordova International Airport,MDE,Medellin,Colombia
Matecana International Airport,PEI,Pereira,Colombia
Gustavo Rojas Pinilla International Airport,ADZ,San Andres,Colombia
Simon Bolivar International Airport,SMR,Santa Marta,Colombia
Mariscal Lamar International Airport,CUE,Cuenca,Ecuador
Carlos Concha Torres International Airport,ESM,Esmeraldas,Ecuador
Jose Joaquin de Olmedo International Airport,GYE,Guayaquil,Ecuador
Santa Rosa International Airport,ETR,Machala,Ecuador
Eloy Alfaro International Airport,MEC,Manta,Ecuador
Mariscal Sucre International Airport,UIO,Quito,Ecuador
Teniente Coronel Luis a Mantilla International Airport,TUA,Tulcan,Ecuador
RAF Mount Pleasant,MPN,Mount Pleasant,Falkland Islands
Cayenne-Rochambeau Airport,CAY,Cayenne,French Guiana
Cheddi Jagan International Airport,GEO,Georgetown,Guyana
Silvio Pettirossi International Airport,ASU,Asuncion,Paraguay
Guarani International Airport,AGT,Ciudad del Este,Paraguay
Rodriguez Ballon International Airport,AQP,Arequipa,Peru
Alejandro Velasco Astete International Airport,CUZ,Cusco,Peru
Jorge Chavez International Airport,LIM,Lima,Peru
Johan Adolf Pengel International Airport,PBM,Paramaribo,Suriname
Carrasco International Airport,MVD,Montevideo,Uruguay
Capitan Corbeta CA Curbelo International Airport,PDP,Punta del Este,Uruguay
Simon Bolivar International Airport,CCS,Caracas,Venezuela
La Chinita International Airport,MAR,Maracaibo,Venezuela
Arturo Michelena International Airport,VLN,Valencia,Venezuela
Aktau Airport,SCO,Aktau,Kazakhstan
Almaty International Airport,ALA,Almaty,Kazakhstan
Astana International Airport,TSE,Astana,Kazakhstan
Atyrau Airport,GUW,Atyrau,Kazakhstan
Karaganda Airport,KGF,Karaganda,Kazakhstan
Kostanay Airport,KSN,Kostanay,Kazakhstan
Shymkent Airport,CIT,Shymkent,Kazakhstan
Oral Ak Zhol Airport,URA,Oral,Kazakhstan
Manas Airport,FRU,Bishkek,Kyrgyzstan
Osh Airport,OSS,Osh,Kyrgyzstan
Dushanbe Airport,DYU,Dushanbe,Tajikistan
Khujand Airport,LBD,Khujand,Tajikistan
Ashgabat Airport,ASB,Ashgabat,Turkmenistan
Mary International Airport,MYP,Mary,Turkmenistan
Turkmenbashi International Airport,KRW,Turkmenbashi,Turkmenistan
Namangan Airport,NMA,Namangan,Uzbekistan
Tashkent International Airport,TAS,Tashkent,Uzbekistan
Pyongyang Sunan International Airport,FNJ,Pyongyang,North Korea
Akita Airport,AXT,Akita,Japan
Aomori Airport,AOJ,Aomori,Japan
Fukuoka Airport,FUK,Fukuoka,Japan
Hakodate Airport,HKD,Hakodate,Japan
Kagoshima Airport,KOJ,Kagoshima,Japan
Komatsu Airport,KMQ,Komatsu,Japan
Hiroshima Airport,HIJ,Hiroshima,Japan
New Kitakyushu Airport,KKJ,Kitakyushu,Japan
Nagasaki Airport,NGS,Nagasaki,Japan
Chubu Centrair International Airport,NGO,Nagoya,Japan
Niigata Airport,KIJ,Niigata,Japan
Oita Airport,OIT,Oita,Japan
Okayama Airport,OKJ,Okayama,Japan
Kansai International Airport,KIX,Osaka,Japan
New Chitose Airport,CTS,Sapporo,Japan
Sendai Airport,SDJ,Sendai,Japan
Shizuoka Airport,FSZ,Shizuoka,Japan
Haneda International Airport,HND,Tokyo\Yokohama,Japan
Narita International Airport,NRT,Tokyo\Yokohama,Japan
Chinggis Khaan International Airport,ULN,Ulan Bator,Mongolia
Beihai Fucheng Airport,BHY,Beihai,China
Beijing Capital International Airport,PEK,Beijing,China
Beijing Nanyuan Airport,NAY,Beijing,China
Changchun Longjia International Airport,CGQ,Changchun,China
Changsha Huanghua International Airport,CSX,Changsha,China
Changzhou Benniu Airport,CZX,Changzhou,China
Chengdu Shuangliu International Airport,CTU,Chengdu,China
Chongqing Jiangbei International Airport,CKG,Chongqing,China
Dandong Langtou Airport,DDG,Dandong,China
Dalian Zhoushuizi International Airport,DLC,Dalian,China
Dunhuang Airport,DNH,Dunhuang,China
Fuzhou Changle International Airport,FOC,Fuzhou,China
Guangzhou Baiyun International Airport,CAN,Guangzhou,China
Guilin Liangjiang International Airport,KWL,Guilin,China
Guiyang Longdongbao Airport,KWE,Guiyang,China
Haikou Meilan International Airport,HAK,Haikou,China
Hangzhou Xiaoshan International Airport,HGH,Hangzhou,China
Harbin Taiping International Airport,HRB,Harbin,China
Hefei Xinqiao International Airport,HFE,Hefei,China
Huizhou Pingtan Airport,HUZ,Huizhou,China
Jieyang Chaoshan International Airport,SWA,Jieyang,China
Jinan Yaoqiang International Airport,TNA,Jinan,China
Kunming Changshui International Airport,KMG,Kunming,China
Lanzhou Zhongchuan International Airport,LHW,Lanzhou,China
Lhasa Gonggar Airport,LXA,Lhasa,China
Liuzhou Bailian Airport,LZH,Liuzhou,China
Luoyang Beijiao Airport,LYA,Luoyang,China
Mianyang Nanjiao Airport,MIG,Mianyang,China
Mudanjiang Airport,MDG,Mudanjiang,China
Nanchang Changbei International Airport,KHN,Nanchang,China
Nanjing Lukou International Airport,NKG,Nanjing,China
Nanning Wuxu International Airport,NNG,Nanning,China
Nantong Xingdong Airport,NTG,Nantong,China
Ningbo Lishe International Airport,NGB,Ningbo,China
Qingdao liuting International Airport,TAO,Qingdao,China
Quanzhou Jinjiang International Airport,JJN,Quanzhou,China
Sanya Phoenix International Airport,SYX,Sanya,China
Shanghai Hongqiao International Airport,SHA,Shanghai,China
Shanghai Pudong International Airport,PVG,Shanghai,China
Shenyang Taoxian International Airport,SHE,Shenyang,China
Shenzhen Bao'an International Airport,SZX,Shenzhen,China
Shijiazhuang Zhengding International Airport,SJW,Shijiazhuang,China
Sunan Shuofang International Airport,WUX,Wuxi,China
Taiyuan Wusu International Airport,TYN,Taiyuan,China
Tianjin Binhai International Airport,TSN,Tianjin,China
Tianshui Airport,THQ,Tianshui,China
Urumqi Diwopu International Airport,URC,Urumqi,China
Weihai International Airport,WEH,Weihai,China
Wenzhou Yongqiang Airport,WNZ,Wenzhou,China
Wuhan Tianhe International Airport,WUH,Wuhan,China
Xiamen Gaoqi International Airport,XMN,Xiamen,China
Xi'an Xianyang International Airport,XIY,Xi'an,China
Xiangyang Airport,XFN,Xiangyang,China
Xining Caojiabao Airport,XNN,Xining,China
Xichang Qingshan Airport,XIC,Xichang,China
Xuzhou Guanyin Airport,XUZ,Xuzhou,China
Yancheng Nanyang Airport,YNZ,Yancheng,China
Yanji Airport,YNJ,Yanji,China
Yantai Penglai International Airport,YNT,Yantai,China
Yinchuan Hedong International Airport,INC,Yinchuan,China
Zhangjiajie Hehua Airport,DYG,Zhangjiajie,China
Zhangye Ganzhou Airport,YZY,Zhangye,China
Zhengzhou Xinzheng International Airport,CGO,Zhengzhou,China
Zhoushan Putuoshan Airport,HSN,Zhoushan,China
Zhuhai Jinwan Airport,ZUH,Zhuhai,China
Hong Kong International Airport,HKG,Hong Kong,Hong Kong
Macau International Airport,MFM,Macau,Macau
Kaohsiung International Airport,KHH,Kaohsiung,Taiwan
Taichung International Airport,RMQ,Taichung,Taiwan
Taipei Songshan Airport,TSA,Taipei,Taiwan
Taiwan Taoyuan International Airport,TPE,Taoyuan,Taiwan
Gimhae International Airport,PUS,Busan,South Korea
Daegu Airport,TAE,Daegu,South Korea
Jeju International Airport,CJU,Jeju,South Korea
Gimpo International Airport,GMP,Seoul,South Korea
Incheon International Airport,ICN,Incheon,South Korea
Cheongju International Airport,CJJ,Cheongju,South Korea
Muan International Airport,MWX,Muan,South Korea
Yangyang International Airport,YNY,Yangyang,South Korea
Shah Amanat International Airport,CGP,Chittagong,Bangladesh
Hazrat Shahjalal International Airport,DAC,Dhaka,Bangladesh
Osmani International Airport,ZYL,Sylhet,Bangladesh
Paro Airport,PBH,Paro,Bhutan
Sardar Vallabhbhai Patel International Airport,AMD,Ahmedabad,India
Sri Guru Ram Dass Jee International Airport,ATQ,Amritsar,India
Agatti Airport,AGX,Agatti,India
Lengpui Airport,AJL,Aizawl,India
Along Airport,IXV,Along,India
Aranmula International Airport,AML,Aranmula,India
Kempegowda International Airport,BLR,Bangalore,India
Raja Bhoj International Airport,BHO,Bhopal,India
Biju Patnaik International Airport,BBI,Bhubaneswar,India
Chandigarh International Airport,IXC,Chandigarh,India
Chennai International Airport,MAA,Chennai,India
Cochin International Airport,COK,Cochin,India
Coimbatore International Airport,CJB,Coimbatore,India
Daman Airport,NMB,Daman,India
Dimapur Airport,DMU,Dimapur,India
Indira Gandhi International Airport,DEL,Delhi,India
Jolly Grant Airport,DED,Dehradun,India
Dholera International Airport,DHR,Dholera,India
Ram Lala International Airport,FZD,Faizabad,India
Pakyong Airport,PAS,Gangtok,India
Karnal Airport,KBS,Gurgaon,India
Goa International Airport,GOI,Goa,India
Mopa Airport,MGI,Goa,India
Gaya International Airport,GAY,Gaya,India
Lokpriya Gopinath Bordoloi International Airport,GAU,Guwahati,India
Rajiv Gandhi International Airport,HYD,Hyderabad,India
Imphal International Airport,IMF,Imphal,India
Devi Ahilya Bai Holkar International Airport,IDR,Indore,India
Jaipur International Airport,JAI,Jaipur,India
Kannur International Airport,CNN,Kannur,India
Netaji Subhash Chandra Bose International Airport,CCU,Kolkata,India
Calicut International Airport,CCJ,Kozhikode,India
Sabarigiri International Airport,SIA,Kottayam,India
Kullu Manali International Airport,KUU,Kullu,India
Gautama Buddha International Airport,KNR,Kusinagar,India
Chaudhary Charan Singh International Airport,LKO,Lucknow,India
Madurai International Airport,IXM,Madurai,India
Mangalore International Airport,IXE,Mangalore,India
Chhatrapati Shivaji International Airport,BOM,Mumbai,India
Mysore International Airport,MYQ,Mysore,India
Taj International Airport,NTA,Noida,India
Dr. Babasaheb Ambedkar International Airport,NAG,Nagpur,India
Captain Lakshmi Sehgal International Airport,KPR,Kanpur,India
Veer Savarkar International Airport,IXZ,Port Blair,India
Jay Prakash Narayan International Airport,PAT,Patna,India
Pune International Airport,PNQ,Pune,India
Chhatrapati Sambhaji Raje International Airport,CRA\NPQ,Pune,India
Swami Vivekananda Airport,RPR,Raipur,India
Birsa Munda Airport,IXR,Ranchi,India
Bagdogra International Airport,IXB,Siliguri,India
Shillong Airport,SHL,Shillong,India
Shimla Airport,SLV,Shimla,India
Srinagar Airport,SXR,Srinagar,India
Tiruchirappalli International Airport,TRZ,Trichy,India
Tirupati Airport,TIR,Tirupati,India
Trivandrum International Airport,TRV,Trivandrum,India
Lal Bahadur Shastri International Airport,VNS,Varanasi,India
Nandamuri Taraka Rama Rao-Amaravati International Airport,VGA,Vijayawada,India
Visakhapatnam Airport,VTZ,Visakhapatnam,India
Vadodara Airport,BDQ,Vadodara,India
Velana International Airport,MLE,Hulhule Island,Maldives
Gan International Airport,GAN,Addu City,Maldives
Tribhuvan International Airport,KTM,Kathmandu,Nepal
Gautam Buddha Airport,BWA,Siddharthanagar,Nepal
Bahawalpur Airport,BHV,Bahawalpur,Pakistan
Dera Ghazi Khan International Airport,DEA,Dera Ghazi Khan,Pakistan
Faisalabad International Airport,LYP,Faisalabad,Pakistan
Gwadar International Airport,GWD,Gwadar,Pakistan
Benazir Bhutto International Airport,ISB,Islamabad,Pakistan
Jinnah International Airport,KHI,Karachi,Pakistan
Allama Iqbal International Airport,LHE,Lahore,Pakistan
Multan International Airport,MUX,Multan,Pakistan
Bacha Khan International Airport,PEW,Peshawar,Pakistan
Quetta International Airport,UET,Quetta,Pakistan
Shaikh Zayed International Airport,RYK,Rahim Yar Khan,Pakistan
Sialkot International Airport,SKT,Sialkot,Pakistan
Turbat International Airport,TUK,Turbat,Pakistan
Bandaranaike International Airport,CMB,Colombo,Sri Lanka
Mattala Rajapaksa International Airport,HRi,Hambantota,Sri Lanka
Brunei International Airport,BWN,Bandar Seri Begawan,Brunei
Phnom Penh International Airport,PNH,Phnom Penh,Cambodia
Siem Reap-Angkor International Airport,REP,Siem Reap,Cambodia
Sihanoukville International Airport,KOS,Sihanoukville,Cambodia
Presidente Nicolau Lobato International Airport,DIL,Dili,East Timor
Hasanuddin International Airport,UPG,Makassar,Indonesia
Sam Ratulangi International Airport,MDC,Manado,Indonesia
Lombok International Airport,LOP,Mataram,Indonesia
Kuala Namu International Airport,KNO,Medan,Indonesia
Minangkabau International Airport,PDG,Padang,Indonesia
Sultan Mahmud Badaruddin II Airport,PLM,Palembang,Indonesia
Sultan Syarif Qasim II International Airport,PKU,Pekanbaru,Indonesia
Samarinda International Airport,SRI,Samarinda,Indonesia
Achmad Yani International Airport,SRG,Semarang,Indonesia
Juanda International Airport,SUB,Surabaya,Indonesia
Adisumarmo International Airport,SOC,Solo,Indonesia
Adisucipto International Airport,JOG,Yogyakarta,Indonesia
Soekarno Hatta International Airport,CGK,Jakarta,Indonesia
Ngurah Rai International Airport,DPS,Denpasar,Indonesia
Husein Sastranegara International Airport,BDO,Bandung,Indonesia
Sultan Aji Muhammad Sulaiman Airport,BPN,Balikpapan,Indonesia
Pattimura Airport,AMQ,Ambon,Indonesia
Tjilik Riwut Airport,PKY,Palangkaraya,Indonesia
Sentani Airport,DJJ,Jayapura,Indonesia
Syamsudin Noor Airport,BDJ,Banjarmasin,Indonesia
El Tari Airport,KOE,Kupang,Indonesia
Mutiara Airport,PLW,Palu,Indonesia
Haluoleo Airport,KDI,Kendari,Indonesia
Luang Prabang International Airport,LPQ,Luang Prabang,Laos
Pakse International Airport,PKZ,Pakse,Laos
Wattay International Airport,VTE,Vientiane,Laos
Sultan Azlan Shah Airport,IPH,Ipoh,Malaysia
Senai International Airport,JHB,Johor Bahru,Malaysia
Sultan Ismail Petra Airport,KBR,Kota Bharu,Malaysia
Kota Kinabalu International Airport,BKI,Kota Kinabalu,Malaysia
Kuala Lumpur International Airport,KUL,Kuala Lumpur,Malaysia
Kuching International Airport,KCH,Kuching,Malaysia
Langkawi International Airport,LGK,Langkawi,Malaysia
Penang International Airport,PEN,Penang,Malaysia
Sultan Abdul Aziz Shah Airport,SZB,Subang,Malaysia
Mandalay International Airport,MDL,Mandalay,Myanmar
Yangon International Airport,RGN,Yangon,Myanmar
Naypyidaw Airport,NYT,Naypyidaw,Myanmar
Bacolod-Silay International Airport,BCD,Bacolod,Philippines
Mactan-Cebu International Airport,CEB,"Lapu-Lapu, Philippines",Philippines
Clark International Airport,CRK,"Angeles, Philippines",Philippines
Francisco Bangoy International Airport,DVO,Davao City,Philippines
General Santos International Airport,GES,General Santos,Philippines
Iloilo International Airport,ILO,Iloilo City,Philippines
Kalibo International Airport,KLO,Kalibo,Philippines
Laoag International Airport,LAO,Laoag,Philippines
Ninoy Aquino International Airport,MNL,Manila,Philippines
Panglao Island International Airport,TAG,Panglao Island,Philippines
Puerto Princesa International Airport,PPS,Puerto Princesa,Philippines
Subic Bay International Airport,SFS,Olongapo,Philippines
Zamboanga International Airport,ZAM,Zamboanga City,Philippines
Singapore Changi Airport,SIN,Singapore,Singapore
Suvarnabhumi Airport,BKK,Bangkok,Thailand
Don Mueang International Airport,DMK,Bangkok,Thailand
Chiang Mai International Airport,CNX,Chiang Mai,Thailand
Mae Fah Luang International Airport,CEI,Chiang Rai Province,Thailand
U-Tapao International Airport,UTP,Rayong and Pattaya,Thailand
Hat Yai International Airport,HDY,Hat Yai,Thailand
Krabi Airport,KBV,Krabi,Thailand
Phuket International Airport,HKT,Phuket Province,Thailand
Surat Thani Airport,URT,Surat Thani Province,Thailand
Samui Airport,USM,Ko Samui,Thailand
Udon Thani International Airport,UTH,Udon Thani,Thailand
Da Nang International Airport,DAD,Da Nang,Vietnam
Noi Bai International Airport,HAN,Hanoi,Vietnam
Tan Son Nhat International Airport,SGN,Ho Chi Minh City,Vietnam
Can Tho International Airport,VCA,Can Tho,Vietnam
Cat Bi International Airport,HPH,Haiphong,Vietnam
Phu Bai International Airport,HUI,Hue,Vietnam
Phu Quoc International Airport,PQC,Phu Quoc,Vietnam
Cam Ranh International Airport,CXR,Khanh Hoa,Vietnam
Chu Lai International Airport,VCL,Quang Nam,Vietnam
Hamid Karzai International Airport,KBL,Kabul,Afghanistan
Herat International Airport,HEA,Herat,Afghanistan
Kandahar International Airport,KDH,Kandahar,Afghanistan
Mazar-e Sharif International Airport,MZR,Mazar-i-Sharif,Afghanistan
Bahrain International Airport,BAH,Manama,Bahrain
Bandar Abbas International Airport,BND,Bandar Abbas,Iran
Birjand International Airport,XBJ,Birjand,Iran
Isfahan International Airport,IFN,Isfahan,Iran
Kish Airport,KIH,Kish Island,Iran
Mashhad International Airport,MHD,Mashhad,Iran
Mehrabad International Airport,THR,Mehrabad,Iran
Dayrestan Airport,GSM,Qeshm,Iran
Shiraz International Airport,SYZ,Shiraz,Iran
Tabriz International Airport,TBZ,Tabriz,Iran
Tehran Imam Khomeini International Airport,IKA,Tehran,Iran
Al Najaf International Airport,NJF,Al Najaf,Iraq
Baghdad International Airport,BGW,Baghdad,Iraq
Basra International Airport,BSR,Basra,Iraq
Erbil International Airport,EBL,Erbil,Iraq
Mosul International Airport,OSM,Mosul,Iraq
Sulaimaniyah International Airport,ISU,Sulaymaniyah,Iraq
"Ramon Airport (under construction, opening 2017)",ETM,Eilat,Israel
Haifa Airport,HFA,Haifa,Israel
Ovda International Airport,VDA,Negev,Israel
Ben Gurion Airport,TLV,Greater Tel Aviv,Israel
King Hussein International Airport,AQJ,Aqaba,Jordan
Queen Alia International Airport,AMM,Amman,Jordan
Amman Civil Airport,ADJ,Amman,Jordan
Kuwait International Airport,KWI,Kuwait,Kuwait
Beirut Rafic Hariri International Airport,BEY,Beirut,Lebanon
Muscat International Airport,MCT,Muscat,Oman
Hamad International Airport,DOH,Doha,Qatar
King Fahd International Airport,DMM,Dammam,Saudi Arabia
King Abdulaziz International Airport,JED,Jeddah,Saudi Arabia
Prince Mohammad Bin Abdulaziz International Airport,MED,Medina,Saudi Arabia
King Khalid International Airport,RUH,Riyadh,Saudi Arabia
Aleppo International Airport,ALP,Aleppo,Syria
Damascus International Airport,DAM,Damascus,Syria
Bassel Al-Assad International Airport,LTK,Latakia,Syria
Abu Dhabi International Airport,AUH,Abu Dhabi,United Arab Emirates
Al Ain International Airport,AAN,Al Ain,United Arab Emirates
Al-Maktoum International Airport,DWC,Dubai,United Arab Emirates
Dubai International Airport,DXB,Dubai,United Arab Emirates
Ras Al Khaimah International Airport,RKT,Ras Al Khaimah,United Arab Emirates
Sharjah International Airport,SHJ,Sharjah,United Arab Emirates
Aden International Airport,ADE,Aden,Yemen
Sana'a International Airport,SAH,Sana'a,Yemen
Antwerp International Airport,ANR,Antwerp,Belgium
Brussels Airport,BRU,Brussels,Belgium
Brussels South Charleroi Airport,CRL,Brussels/Charleroi,Belgium
Liege Airport,LGG,Liege,Belgium
Ostend-Bruges International Airport,OST,Ostend/Bruges,Belgium
Campo dell'Oro Airport,AJA,Ajaccio,France
Poretta Airport,BIA,Bastia,France
Beauvais-Tille Airport,BVA,Beauvais,France
Bergerac-Roumaniere Airport,EGC,Bergerac,France
Beziers Cap d'Agde Airport,BZR,Beziers,France
Biarritz Airport,BIQ,Biarritz,France
Merignac Airport,BOD,Bordeaux,France
Brest Bretagne Airport,BES,Brest,France
Salvaza Airport,CCF,Carcassonne,France
Chalons Vatry Airport,XCR,Chalons-en-Champagne,France
Chambery-Savoie Airport,CMF,Chambery,France
Pleurtuit Airport,DNR,Dinard,France
Figari Sud-Corse Airport,FSC,Figari,France
Grenoble-Isere Airport,GNB,Grenoble,France
Ile de Re Airport,LRH,Ile de Re,France
Lille Lesquin Airport,LIL,Lille,France
Bellegarde Airport,LIG,Limoges,France
Saint-Exupery Airport,LYS,Lyon,France
Provence Airport,MRS,Marseille,France
Basel-Mulhouse-Freiburg Airport,MSL,Mulhouse,France
Nantes Atlantique Airport,NTE,Nantes,France
Cote d'Azur Airport,NCE,Nice,France
Garons Airport,FNI,Nimes,France
Charles de Gaulle Airport,CDG,Paris,France
Orly Airport,ORY,Paris,France
Uzein Airport,PUF,Pau,France
Llabanere Airport,PGF,Perpignan,France
Biard Airport,PIS,Poitiers,France
Marcillac Airport,RDZ,Rodez,France
Boutheon Airport,EBU,Saint Etienne,France
Strasbourg Airport,SXB,Strasbourg,France
Hyeres Le Palyvestre Airport,TLN,Toulon,France
Blagnac Airport,TLS,Toulouse,France
Tours Loire Valley Airport,TUF,Tours,France
North Front Airport,GIB,Gibraltar,Gibraltar
Guernsey Airport,GCI,Guernsey,Guernsey
Jersey Airport,JER,Jersey,Jersey
Cork Airport,ORK,Cork,Ireland
Dublin Airport,DUB,Dublin,Ireland
Kerry Airport,KIR,Kerry,Ireland
Ireland West Airport Knock,NOC,Knock,Ireland
Shannon Airport,SNN,Shannon,Ireland
Isle of Man Airport,IOM,Isle of Man,Isle of Man
Findel Airport,LUX,Luxembourg City,Luxembourg
Amsterdam Airport Schiphol,AMS,Amsterdam,Netherlands
Eindhoven Airport,EIN,Eindhoven,Netherlands
Groningen Airport Eelde,GRQ,Groningen,Netherlands
Maastricht-Aachen Airport,MST,Maastricht,Netherlands
Rotterdam The Hague Airport,RTM,Rotterdam,Netherlands
Beja Airport,BYJ,Beja,Portugal
Faro Airport,FAO,Faro,Portugal
Madeira Airport,FNC,Funchal,Portugal
Porto Santo Airport,PXO,Porto Santo Island,Portugal
Lisbon Portela Airport,LIS,Lisbon,Portugal
Francisco Sa Carneiro Airport,OPO,Porto,Portugal
Joao Paulo II Airport,PDL,Ponta Delgada,Portugal
Terceira Airport,TER,Terceira Island,Portugal
Alvedro Airport,LCG,A Coruna,Spain
Alicante Airport,ALC,Alicante,Spain
Almeria International Airport,LEI,Almeria,Spain
Asturias Airport,OVD,Asturias,Spain
Barcelona Airport,BCN,Barcelona,Spain
Fuerteventura Airport,FUE,Fuerteventura,Spain
Girona-Costa Brava Airport,GRO,Girona,Spain
Gran Canaria Airport,LPA,Gran Canaria,Spain
Granada Airport,GRX,Granada,Spain
Huesca-Pirineos Airport,HSK,Huesca,Spain
Ibiza Airport,IBZ,Ibiza,Spain
Jerez Airport,XRY,Jerez de la Frontera,Spain
La Palma Airport,SPC,La Palma,Spain
Lanzarote Airport,ACE,Lanzarote,Spain
Alguaire Airport,ILD,Lleida,Spain
Madrid-Barajas Airport,MAD,Madrid,Spain
Malaga Airport,AGP,Malaga,Spain
Menorca Airport,MAH,Menorca,Spain
Murcia-San Javier Airport,MJV,Murcia,Spain
Palma de Mallorca Airport,PMI,Palma de Mallorca,Spain
Reus Airport,REU,Reus,Spain
Santander Airport,SDR,Santander,Spain
Santiago de Compostela Airport,SCQ,Santiago de Compostela,Spain
Seville Airport,SVQ,Seville,Spain
Tenerife North Airport,TFN,Tenerife,Spain
Tenerife South Airport,TFS,Tenerife,Spain
Valencia Airport,VLC,Valencia,Spain
Valladolid Airport,VLL,Valladolid,Spain
Zaragoza Airport,ZAZ,Zaragoza,Spain
Graz Airport,GRZ,Graz,Austria
Klagenfurt Airport,KLU,Klagenfurt,Austria
Innsbruck Airport,INN,Innsbruck,Austria
Linz Airport,LNZ,Linz,Austria
Salzburg Airport,SZG,Salzburg,Austria
Vienna International Airport,VIE,Vienna,Austria
Karlsruhe/Baden-Baden Airport,FKB,Baden-Baden/Karlsruhe,Germany
Berlin Tegel Airport,TXL,Berlin,Germany
Berlin Schonefeld Airport,SXF,Berlin,Germany
Berlin Brandenburg Airport (Future),BER,Berlin,Germany
Bremen Airport,BRE,Bremen,Germany
Cologne/Bonn Airport,CGN,Cologne/Bonn,Germany
Dortmund Airport,DTM,Dortmund,Germany
Dusseldorf Airport,DUS,Dusseldorf,Germany
Frankfurt Airport,FRA,Frankfurt,Germany
Frankfurt-Hahn Airport,HHN,Frankfurt,Germany
EuroAirport Basel-Mulhouse-Freiburg,EAP,Freiburg im Breisgau,Germany
Friedrichshafen Airport,FDH,Friedrichshafen,Germany
Hamburg Airport,HAM,Hamburg,Germany
Langenhagen Airport,HAJ,Hanover,Germany
Leipzig/Halle Airport,LEJ,Leipzig,Germany
Lubeck Airport,LBC,Lubeck,Germany
Memmingen Airport,FMM,Memmingen,Germany
Munich Airport,MUC,Munich,Germany
Albrecht Durer Airport,NUE,Nuremberg,Germany
Stuttgart Airport,STR,Stuttgart,Germany
Weeze Airport,NRN,Weeze,Germany
Athens International Airport,ATH,Athens,Greece
Chania International Airport,CHQ,Chania,Greece
Chios Island National Airport,JKH,Chios Island,Greece
Ioannis Kapodistrias Airport,CFU,Corfu,Greece
Heraklion International Airport,HER,Heraklion,Greece
Kalamata International Airport,KLX,Kalamata,Greece
Karpathos Island National Airport,AOK,Karpathos Island,Greece
Kavala International Airport,KVA,Kavala,Greece
Kefalonia Island International Airport,EFL,Kefalonia Island,Greece
Kos Island International Airport,KGS,Kos Island,Greece
Mykonos Island National Airport,JMK,Mykonos Island,Greece
Mytilene International Airport,MJT,Mytilene,Greece
Aktion National Airport,PVK,Preveza,Greece
Rhodes International Airport,RHO,Rhodes,Greece
Samos International Airport,SMI,Samos,Greece
Santorini (Thira) National Airport,JTR,Santorini,Greece
Skiathos Island National Airport,JSI,Skiathos Island,Greece
Skyros Island National Airport,SKU,Skyros Island,Greece
Thessaloniki International Airport,SKG,Thessaloniki,Greece
Nea Anchialos National Airport,VOL,Volos,Greece
Zakynthos International Airport,ZTH,Zakynthos,Greece
Fertilia Airport,AHO,Alghero,Italy
Ancona Airport,AOI,Ancona,Italy
Palese Airport,BRI,Bari,Italy
Orio al Serio Airport,BGY,Bergamo,Italy
Bologna Airport,BLQ,Bologna,Italy
Brescia Airport,VBS,Brescia,Italy
Brindisi Airport,BDS,Brindisi,Italy
Cagliari Airport,CAG,Cagliari,Italy
Fontanarossa Airport,CTA,Catania,Italy
Cuneo Levaldigi Airport,CUF,Cuneo,Italy
Peretola Airport,FLR,Florence,Italy
Cristoforo Colombo Airport,GOA,Genoa,Italy
Lamezia Terme Airport,SUF,Lamezia,Italy
Linate Airport,LIN,Milan,Italy
Malpensa Airport,MXP,Milan,Italy
Capodichino Airport,NAP,Naples,Italy
Costa Smeralda Airport,OLB,Olbia,Italy
Palermo Airport,PMO,Palermo,Italy
San Egidio Airport,PEG,Perugia,Italy
Abruzzo Airport,PSR,Pescara,Italy
Galileo Galilei Airport,PSA,Pisa,Italy
Federico Fellini Airport,RMI,Rimini,Italy
Leonardo da Vinci-Fiumicino Airport,FCO,Rome,Italy
Rome Ciampino Airport,CIA,Rome,Italy
Vincenzo Florio Airport,TPS,Trapani,Italy
Friuli Venezia Giulia Airport,TRS,Trieste,Italy
Caselle Airport,TRN,Turin,Italy
Venice Marco Polo Airport,VCE,Venice,Italy
Verona Airport,VRN,Verona,Italy
EuroAirport Basel-Mulhouse-Freiburg,BSL,Basel-Mulhouse-Freiburg,Switzerland
Bern-Belp Airport,BRN,Bern,Switzerland
Geneva International Airport,GVA,Geneva,Switzerland
St. Gallen-Altenrhein Airport,ACH,St. Gallen,Switzerland
Zurich Airport,ZRH,Zurich,Switzerland
Bydgoszcz Ignacy Jan Paderewski Airport,BZG,Bydgoszcz,Poland
Gdansk Lech Walesa Airport,GDN,Gdansk,Poland
Katowice International Airport,KTW,Katowice,Poland
John Paul II International Airport Krakow-Balice,KRK,Krakow,Poland
Lublin Airport,LUZ,Lublin,Poland
Lodz Wladyslaw Reymont Airport,LCJ,Lodz,Poland
Poznan Lawica Airport,POZ,Poznan,Poland
Rzeszow-Jasionka Airport,RZE,Rzeszow,Poland
"Szczecin-Goleniow ""Solidarnosc"" Airport",SZZ,Szczecin,Poland
Frederic Chopin Airport,WAW,Warsaw,Poland
Modlin Airport,WMI,Warsaw,Poland
Copernicus Airport Wroclaw,WRO,Wroclaw,Poland
Henri Coanda International Airport,OTP,Bucharest,Romania
Cluj-Napoca International Airport,CLJ,Cluj-Napoca,Romania
Mihail Kogalniceanu International Airport,CND,Constanta,Romania
Iasi International Airport,IAS,Iasi,Romania
Oradea International Airport,OMR,Oradea,Romania
Sibiu International Airport,SBZ,Sibiu,Romania
Traian Vuia International Airport,TSR,Timisoara,Romania
Tirana International Airport Nene Tereza,TIA,Tirana,Albania
Zvartnots International Airport,EVN,Yerevan,Armenia
Shirak Airport,LWN,Gyumri,Armenia
Heydar Aliyev International Airport,GYD,Baku,Azerbaijan
Ganja International Airport,KVD,Ganja,Azerbaijan
Nakhchivan Airport,NAJ,Nakhchivan (city),Azerbaijan
Qabala International Airport,GBB,Qabala,Azerbaijan
Lankaran International Airport,LLK,Lankaran,Azerbaijan
Hrodna Airport,GNA,Grodno,Belarus
Gomel Airport,GME,Gomel,Belarus
Minsk International Airport,MSQ,Minsk,Belarus
Banja Luka International Airport,BNX,Banja Luka,Bosnia and Herzegovina
Sarajevo International Airport,SJJ,Sarajevo,Bosnia and Herzegovina
Tuzla International Airport,TZL,Tuzla,Bosnia and Herzegovina
Mostar International Airport,OMO,Mostar,Bosnia and Herzegovina
Burgas Airport,BOJ,Burgas,Bulgaria
Plovdiv Airport,PDV,Plovdiv,Bulgaria
Sofia Airport,SOF,Sofia,Bulgaria
Varna Airport,VAR,Varna,Bulgaria
Dubrovnik Airport,DBV,Dubrovnik,Croatia
Franjo Tudman Airport,ZAG,Zagreb,Croatia
Osijek Airport,OSI,Osijek,Croatia
Pula Airport,PUY,Pula,Croatia
Rijeka Airport,RJK,Rijeka,Croatia
Split Airport,SPU,Split,Croatia
Zadar Airport,ZAD,Zadar,Croatia
Larnaca International Airport,LCA,Larnaca,Cyprus
Paphos International Airport,PFO,Paphos,Cyprus
Ercan International Airport,ECN,Tymbou,Cyprus
Brno-Turany Airport,BRQ,Brno,Czech Republic
Karlovy Vary Airport,KLV,Karlovy Vary,Czech Republic
Leos Janacek Ostrava Airport,OSR,Ostrava,Czech Republic
Prague Vaclav Havel Airport,PRG,Prague,Czech Republic
Pardubice Airport,PED,Pardubice,Czech Republic
Lennart Meri Tallinn Airport,TLL,Tallinn,Estonia
Tartu Airport,TAY,Tartu,Estonia
Batumi International Airport,BUS,Batumi,Georgia
Kutaisi International Airport,KUT,Kutaisi,Georgia
Tbilisi International Airport,TBS,Tbilisi,Georgia
Budapest Ferenc Liszt International Airport,BUD,Budapest,Hungary
Debrecen International Airport,DEB,Debrecen,Hungary
Heviz-Balaton Airport,SOB,Heviz,Hungary
Gyor-Per International Airport,QGY,Gyor-Per,Hungary
Pecs-Pogany International Airport,QPJ,Pecs-Pogany,Hungary
Riga International Airport,RIX,Riga,Latvia
Ventspils International Airport,VNT,Ventspils,Latvia
Kaunas Airport,KUN,Kaunas,Lithuania
Palanga International Airport,PLQ,Palanga,Lithuania
Siauliai International Airport,SQQ,Siauliai,Lithuania
Vilnius International Airport,VNO,Vilnius,Lithuania
Ohrid St. Paul the Apostle Airport,OHD,Ohrid,Macedonia
Skopje Alexander the Great Airport,SKP,Skopje,Macedonia
Malta International Airport,MLA,Luqa,Malta
Chisinau International Airport,KIV,Chisinau,Moldova
Podgorica Airport,TGD,Podgorica,Montenegro
Tivat Airport,TIV,Tivat,Montenegro
Abakan International Airport,ABA,Abakan,Russia
Ugolny Airport,DYR,Anadyr,Russia
Anapa Airport,AAQ,Anapa,Russia
Talagi Airport,ARH,Arkhangelsk,Russia
Narimanovo Airport,ASF,Astrakhan,Russia
Barnaul Airport,BAX,Barnaul,Russia
Belgorod International Airport,EGO,Belgorod,Russia
Ignatyevo Airport,BQS,Blagoveshchensk,Russia
Bratsk Airport,BTK,Bratsk,Russia
Bryansk International Airport,BZK,Bryansk,Russia
Cheboksary Airport,CSY,Cheboksary,Russia
Chelyabinsk Airport,CEK,Chelyabinsk,Russia
Cherepovets Airport,CEE,Cherepovets,Russia
Kadala Airport,HTA,Chita,Russia
Elista Airport,ESL,Elista,Russia
Irkutsk Airport,IKT,Irkutsk,Russia
Grozny Airport,GRV,Grozny,Russia
Khrabrovo Airport,KGD,Kaliningrad,Russia
Kazan Airport,KZN,Kazan,Russia
Khabarovsk Novy Airport,KHV,Khabarovsk,Russia
Komsomolsk-on-Amur Airport,KXK,Komsomolsk-on-Amur,Russia
Pashkovsky Airport,KRR,Krasnodar,Russia
Yemelyanovo International Airport,KJA,Krasnoyarsk,Russia
Kursk Vostochny Airport,URS,Kursk,Russia
Sokol Airport,GDX,Magadan,Russia
Magnitogorsk International Airport,MQF,Magnitogorsk,Russia
Uytash Airport,MCX,Makhachkala,Russia
Mineralnye Vody Airport,MRV,Mineralnye Vody,Russia
Domodedovo International Airport,DME,Moscow,Russia
Sheremetyevo International Airport,SVO,Moscow,Russia
Vnukovo Airport,VKO,Moscow,Russia
Murmansk Airport,MMK,Murmansk,Russia
Nalchik Airport,NAL,Nalchik,Russia
Nizhnevartovsk Airport,NJC,Nizhnevartovsk,Russia
Begishevo Airport,NBC,Nizhnekamsk,Russia
Strigino Airport,GOJ,Nizhny Novgorod,Russia
Spichenkovo Airport,NOZ,Novokuznetsk,Russia
Tolmachevo Airport,OVB,Novosibirsk,Russia
Omsk Tsentralny Airport,OMS,Omsk,Russia
Orenburg Tsentralny Airport,REN,Orenburg,Russia
Orsk Airport,OSW,Orsk,Russia
Perm International Airport,PEE,Perm,Russia
Petrozavodsk Airport,PES,Petrozavodsk,Russia
Provideniya Bay Airport,PVS,Provideniya,Russia
Yelizovo Airport,PKC,Petropavlovsk-Kamchatsky,Russia
Pskov Airport,PKV,Pskov,Russia
Rostov-na-Donu Airport,ROV,Rostov-on-Don,Russia
Pulkovo Airport,LED,Saint Petersburg,Russia
Samara Kurumoch Airport,KUF,Samara,Russia
Saratov Tsentralny Airport,RTW,Saratov,Russia
Sochi International Airport,AER,Sochi,Russia
Stavropol Shpakovskoye Airport,STW,Stavropol,Russia
Surgut International Airport,SGC,Surgut,Russia
Syktyvkar Airport,SCW,Syktyvkar,Russia
Bogashevo Airport,TOF,Tomsk,Russia
Roshchino International Airport,TJM,Tyumen,Russia
Baikal International Airport,UUD,Ulan-Ude,Russia
Ulyanovsk Vostochny Airport,ULY,Ulyanovsk,Russia
Ufa International Airport,UFA,Ufa,Russia
Vladivostok International Airport,VVO,Vladivostok,Russia
Beslan Airport,OGZ,Vladikavkaz,Russia
Volgograd International Airport,VOG,Volgograd,Russia
Voronezh International Airport,VOZ,Voronezh,Russia
Yakutsk Airport,YKS,Yakutsk,Russia
Tunoshna Airport,IAR,Yaroslavl,Russia
Koltsovo International Airport,SVX,Yekaterinburg,Russia
Yuzhno-Sakhalinsk Airport,UUS,Yuzhno-Sakhalinsk,Russia
Belgrade Nikola Tesla Airport,BEG,Belgrade,Serbia
Nis Constantine the Great Airport,INI,Nis,Serbia
M. R. Stefanik Airport,BTS,Bratislava,Slovakia
Kosice International Airport,KSC,Kosice,Slovakia
Piestany Airport,PZY,Piestany,Slovakia
Poprad-Tatry Airport,TAT,Poprad,Slovakia
Sliac Airport,SLD,Sliac,Slovakia
Zilina Airport,ILZ,Zilina,Slovakia
Ljubljana Joze Pucnik Airport,LJU,Ljubljana,Slovenia
Portoroz Airport,POW,Portoroz,Slovenia
Sakirpasa Airport,ADA,Adana,Turkey
Esenboga International Airport,ESB,Ankara,Turkey
Antalya Airport,AYT,Antalya,Turkey
Milas-Bodrum Airport,BJV,Bodrum,Turkey
Yenisehir Airport,YEI,Bursa,Turkey
Dalaman Airport,DLM,Dalaman,Turkey
Oguzeli Airport,GZT,Gaziantep,Turkey
Ataturk International Airport,IST,Istanbul,Turkey
Sabiha Gokcen International Airport,SAW,Istanbul,Turkey
Adnan Menderes Airport,ADB,Izmir,Turkey
Erkilet Airport,ASR,Kayseri,Turkey
Konya Airport,KYA,Konya,Turkey
Zafer Airport,KZR,Kutahya,Turkey
Erhac Airport,MLX,Malatya,Turkey
Kapadokya Airport,NAV,Nevsehir,Turkey
Samsun-Carsamba Airport,SZF,Samsun,Turkey
Trabzon Airport,TZX,Trabzon,Turkey
Zonguldak Airport,ONQ,Zonguldak,Turkey
Boryspil International Airport,KBP,Kiev,Ukraine
Chernivtsi International Airport,CWC,Chernivtsi,Ukraine
Donetsk Airport,DOK,Donetsk,Ukraine
Dnipropetrovsk International Airport,DNK,Dnipropetrovsk,Ukraine
"Gostomel Airport (cargo only, serving Kiev)",GML,Kiev,Ukraine
Ivano-Frankivsk International Airport,IFO,Ivano-Frankivsk,Ukraine
Kharkiv International Airport,HRK,Kharkiv,Ukraine
Kryvyi Rih International Airport,KWG,Kryvyi Rih,Ukraine
Kyiv Zhuliany International Airport,IEV,Kiev,Ukraine
Luhansk International Airport,VSG,Luhansk,Ukraine
Lviv Danylo Halytskyi International Airport,LWO,Lviv,Ukraine
Mykolaiv International Airport,NLV,Mykolaiv Oblast,Ukraine
Odessa International Airport,ODS,Odessa,Ukraine
Simferopol International Airport,SIP,Simferopol,Ukraine
Zaporizhia International Airport,OZH,Zaporizhia,Ukraine
Aalborg Airport,AAL,Aalborg,Denmark
Aarhus Airport,AAR,Aarhus,Denmark
Billund Airport,BLL,Billund,Denmark
Copenhagen Airport,CPH,Copenhagen,Denmark
Vagar Airport,FAE,Vagar,Faroe Islands
Mariehamn Airport (Aland),MHQ,Aland,Finland
Helsinki-Vantaa Airport,HEL,Helsinki,Finland
Kittila Airport,KTT,Kittila,Finland
Kuopio Airport,KUO,Kuopio,Finland
Kuusamo Airport,KAO,Kuusamo,Finland
Lappeenranta Airport,LPP,Lappeenranta,Finland
Oulu Airport,OUL,Oulu,Finland
Rovaniemi Airport,RVN,Rovaniemi,Finland
Tampere-Pirkkala Airport,TMP,Tampere,Finland
Turku Airport,TKU,Turku,Finland
Vaasa Airport,VAA,Vaasa,Finland
Akureyri Airport,AEY,Akureyri,Iceland
Keflavik International Airport,KEF,Reykjavik,Iceland
Reykjavik Airport,RKV,Reykjavik,Iceland
Alesund Airport,AES,Alesund,Norway
Bergen Airport,BGO,Bergen,Norway
Bodo Airport,BOO,Bodo,Norway
Haugesund Airport,HAU,Haugesund,Norway
"Kristiansand Airport, Kjevik",KRS,Kristiansand,Norway
"Kristiansund Airport, Kvernberget",KSU,Kristiansund,Norway
Oslo Airport-Gardermoen,OSL,Oslo,Norway
Moss Airport,RYG,Oslo,Norway
Sandefjord Airport,TRF,Oslo,Norway
Stavanger Airport,SVG,Stavanger,Norway
Tromso Airport,TOS,Tromso,Norway
Trondheim Airport,TRD,Trondheim,Norway
Gothenburg City Airport,GSE,Gothenburg,Sweden
Goteborg Landvetter Airport,GOT,Gothenburg,Sweden
Lulea Airport,LLA,Lulea,Sweden
Malmo Airport,MMX,Malmo,Sweden
Norrkoping Airport,NRK,Norrkoping,Sweden
Are Ostersund Airport,OSD,Ostersund,Sweden
Stockholm-Arlanda Airport,ARN,Stockholm,Sweden
Stockholm-Bromma Airport,BMA,Stockholm,Sweden
Stockholm-Skavsta Airport,NYO,Stockholm,Sweden
Stockholm-Vasteras Airport,VST,Stockholm,Sweden
Umea Airport,UME,Umea,Sweden
Vaxjo Airport,VXO,Vaxjo,Sweden
Visby Airport,VBY,Visby,Sweden
Birmingham International Airport,BHX,Birmingham,United Kingdom
Bournemouth Airport,BOH,Bournemouth,United Kingdom
Bristol Airport,BRS,Bristol,United Kingdom
Cardiff Airport,CWL,Cardiff,United Kingdom
Robin Hood Airport Doncaster Sheffield,DSA,Doncaster/Sheffield,United Kingdom
Durham Tees Valley Airport,MME,Middlesbrough,United Kingdom
East Midlands Airport,EMA,Nottingham/Leicester,United Kingdom
Exeter International Airport,EXT,Exeter,United Kingdom
Leeds Bradford International Airport,LBA,Leeds/Bradford,United Kingdom
Liverpool John Lennon Airport,LPL,Liverpool,United Kingdom
London City Airport,LCY,London,United Kingdom
Gatwick Airport,LGW,London,United Kingdom
Heathrow Airport,LHR,London,United Kingdom
Luton Airport,LTN,London,United Kingdom
Southend Airport,SEN,London,United Kingdom
Stansted Airport,STN,London,United Kingdom
Manchester Airport,MAN,Manchester,United Kingdom
Newcastle Airport,NCL,Newcastle upon Tyne,United Kingdom
Newquay Cornwall Airport,NQY,Newquay,United Kingdom
Norwich International Airport,NWI,Norwich,United Kingdom
Southampton Airport,SOU,Southampton,United Kingdom
Aberdeen Airport,ABZ,Aberdeen,United Kingdom
Edinburgh Airport,EDI,Edinburgh,United Kingdom
Glasgow International Airport,GLA,Glasgow,United Kingdom
Glasgow Prestwick Airport,PIK,Glasgow,United Kingdom
Inverness Airport,INV,Inverness,United Kingdom
Belfast International Airport,BFS,Belfast,United Kingdom
George Best Belfast City Airport,BHD,Belfast,United Kingdom
City of Derry Airport,LDY,Derry,United Kingdom
Adelaide Airport,ADL,Adelaide,Australia
Brisbane Airport,BNE,Brisbane,Australia
Cairns Airport,CNS,Cairns,Australia
Canberra Airport,CBR,Canberra,Australia
Darwin International Airport,DRW,Darwin,Australia
Gold Coast Airport,OOL,Gold Coast,Australia
Hobart International Airport,HBA,Hobart,Australia
Melbourne Airport,MEL,Melbourne,Australia
Perth Airport,PER,Perth,Australia
Port Hedland International Airport,PHE,Port Hedland,Australia
Sydney Airport,SYD,Sydney,Australia
Townsville International Airport,TSV,Townsville,Australia
Christmas Island Airport,XCH,Christmas Island,Christmas Island
Cocos (Keeling) Islands Airport,CCK,Cocos (Keeling Islands),Cocos (Keeling Islands)
Rarotonga Airport,RAR,Cook Islands,Cook Islands
Nadi International Airport,NAN,Nadi,Fiji
Nausori International Airport,SUV,Suva,Fiji
Faa'a International Airport,PPT,Papeete,French Polynesia
Antonio B. Won Pat International Airport,GUM,Hagatna,Guam
Cassidy International Airport,CXI,Kiritimati,Kiribati
Bonriki International Airport,TRW,Tarawa,Kiribati
Bucholz Army Airfield,KWA,Kwajalein,Marshall Islands
Marshall Islands International Airport,MAJ,Majuro,Marshall Islands
Chuuk International Airport,TKK,Chuuk,Micronesia
Kosrae International Airport,KSA,Kosrae,Micronesia
Pohnpei International Airport,PNI,Pohnpei,Micronesia
Yap International Airport,YAP,Yap,Micronesia
Nauru International Airport,INU,Yaren,Nauru
La Tontouta International Airport,NOU,Noumea,New Caledonia
Auckland Airport,AKL,Auckland,New Zealand
Christchurch International Airport,CHC,Christchurch,New Zealand
Dunedin International Airport,DUD,Dunedin,New Zealand
Queenstown Airport,ZQN,Queenstown,New Zealand
Wellington International Airport,WLG,Wellington,New Zealand
Norfolk Airport,NLK,Norfolk Island,Norfolk Island
Rota International Airport,ROP,Rota Island,Northern Mariana Islands
Saipan International Airport,SPN,Saipan Island,Northern Mariana Islands
Tinian International Airport,TIQ,Tinian Island,Northern Mariana Islands
Niue International Airport,IUE,Alofi,Niue
Roman Tmetuchl International Airport,ROR,Koror,Palau
Jacksons International Airport,POM,Port Moresby,Papua New Guinea
Faleolo International Airport,APW,Apia,Samoa
Honiara International Airport,HIR,Honiara,Solomon Islands
Fua'amotu International Airport,TBU,Nuku'alofa,Tonga
Vava'u International Airport,VAV,Vava'u,Tonga
Funafuti International Airport,FUN,Funafuti,Tuvalu
Santo-Pekoa International Airport,SON,Luganville,Vanuatu
Bauerfield International Airport,VLI,Port Vila,Vanuatu
Pointe Vele Airport,FUT,Futuna,Wallis and Futuna
Hihifo Airport,WLS,Wallis,Wallis and Futuna